Workbook

Sheet bulk_upload
A1: Source Transaction ID | B1: Destination Transaction ID | C1: Amount | F1: Comma_separated | G1: Notes
A2: 1734624722 | B2: 1704283890 | C2: -3102567.1 | F2: 1734624722, 1704283890 | G2: [Per Suspense SOP] | I2: =F2&","&G2 -> 1734624722, 1704283890,[Per Suspense SOP] | P2: 1734624722, 1704283890,[Per Suspense SOP]
A3: 1734624724 | B3: 1705487944 | C3: -2452621.7 | F3: 1734624724, 1705487944 | G3: [Per Suspense SOP] | I3: =F3&","&G3 -> 1734624724, 1705487944,[Per Suspense SOP] | P3: 1734624724, 1705487944,[Per Suspense SOP]
A4: 1734624726 | B4: 1706309646 | C4: -5072833.3 | F4: 1734624726, 1706309646 | G4: [Per Suspense SOP] | I4: =F4&","&G4 -> 1734624726, 1706309646,[Per Suspense SOP] | P4: 1734624726, 1706309646,[Per Suspense SOP]
A5: 1734624728 | B5: 1707275479 | C5: -50350317 | F5: 1734624728, 1707275479 | G5: [Per Suspense SOP] | I5: =F5&","&G5 -> 1734624728, 1707275479,[Per Suspense SOP] | P5: 1734624728, 1707275479,[Per Suspense SOP]
A6: 1734624730 | B6: 1708345659 | C6: -4694670.1 | F6: 1734624730, 1708345659 | G6: [Per Suspense SOP] | I6: =F6&","&G6 -> 1734624730, 1708345659,[Per Suspense SOP] | P6: 1734624730, 1708345659,[Per Suspense SOP]
A7: 1734624732 | B7: 1709649663 | C7: -4590075.3 | F7: 1734624732, 1709649663 | G7: [Per Suspense SOP] | I7: =F7&","&G7 -> 1734624732, 1709649663,[Per Suspense SOP] | P7: 1734624732, 1709649663,[Per Suspense SOP]
A8: 1734624734 | B8: 1710390417 | C8: -14078264 | F8: 1734624734, 1710390417 | G8: [Per Suspense SOP] | I8: =F8&","&G8 -> 1734624734, 1710390417,[Per Suspense SOP] | P8: 1734624734, 1710390417,[Per Suspense SOP]
A9: 1734624736 | B9: 1711572938 | C9: -14480162 | F9: 1734624736, 1711572938 | G9: [Per Suspense SOP] | I9: =F9&","&G9 -> 1734624736, 1711572938,[Per Suspense SOP] | P9: 1734624736, 1711572938,[Per Suspense SOP]
A10: 1734624738 | B10: 1712757849 | C10: -4169411.5 | F10: 1734624738, 1712757849 | G10: [Per Suspense SOP] | I10: =F10&","&G10 -> 1734624738, 1712757849,[Per Suspense SOP] | P10: 1734624738, 1712757849,[Per Suspense SOP]
A11: 1734624740 | B11: 1714404903 | C11: -4169771.3 | F11: 1734624740, 1714404903 | G11: [Per Suspense SOP] | I11: =F11&","&G11 -> 1734624740, 1714404903,[Per Suspense SOP] | P11: 1734624740, 1714404903,[Per Suspense SOP]
A12: 1734624742 | B12: 1715446330 | C12: -20070851 | F12: 1734624742, 1715446330 | G12: [Per Suspense SOP] | I12: =F12&","&G12 -> 1734624742, 1715446330,[Per Suspense SOP] | P12: 1734624742, 1715446330,[Per Suspense SOP]
A13: 1734624744 | B13: 1716342294 | C13: -57592583 | F13: 1734624744, 1716342294 | G13: [Per Suspense SOP] | I13: =F13&","&G13 -> 1734624744, 1716342294,[Per Suspense SOP] | P13: 1734624744, 1716342294,[Per Suspense SOP]
... A21: 1734624704 | B21: 1734622500 | C21: -44500000 | F21: 1734624704, 1734622500 | G21: [Per Suspense SOP] | I21: =F21&","&G21 -> 1734624704, 1734622500,[Per Suspense SOP] | P21: 1734624704, 1734622500,[Per Suspense SOP]
A22: 1734624706 | B22: 1734622507 | C22: -2000000 | D22: =VLOOKUP(A22,Sheet1!$N$4:$O$136,2,FALSE) -> 551400 | E22: =VLOOKUP(B22,Sheet1!$N$4:$O$136,2,FALSE) -> 369050 | F22: 1734624706, 1734622507 | G22: [Per Suspense SOP] | I22: =F22&","&G22 -> 1734624706, 1734622507,[Per Suspense SOP] | P22: 1734624706, 1734622507,[Per Suspense SOP]
A23: 1734624706 | B23: 1734624636 | C23: -2000000 | D23: =VLOOKUP(A23,Sheet1!$N$4:$O$136,2,FALSE) -> 551400 | E23: =VLOOKUP(B23,Sheet1!$N$4:$O$136,2,FALSE) -> 551375 | F23: 1734624706, 1734624636 | G23: [Per Suspense SOP] | I23: =F23&","&G23 -> 1734624706, 1734624636,[Per Suspense SOP] | P23: 1734624706, 1734624636,[Per Suspense SOP]
A24: 1734624707 | B24: 1734622511 | C24: -3700000 | D24: =VLOOKUP(A24,Sheet1!$N$4:$O$136,2,FALSE) -> 551400 | E24: =VLOOKUP(B24,Sheet1!$N$4:$O$136,2,FALSE) -> 369050 | F24: 1734624707, 1734622511 | G24: [Per Suspense SOP] | I24: =F24&","&G24 -> 1734624707, 1734622511,[Per Suspense SOP] | P24: 1734624707, 1734622511,[Per Suspense SOP]
A25: 1734624707 | B25: 1734624639 | C25: -3700000 | D25: =VLOOKUP(A25,Sheet1!$N$4:$O$136,2,FALSE) -> 551400 | E25: =VLOOKUP(B25,Sheet1!$N$4:$O$136,2,FALSE) -> 551375 | F25: 1734624707, 1734624639 | G25: [Per Suspense SOP] | I25: =F25&","&G25 -> 1734624707, 1734624639,[Per Suspense SOP] | P25: 1734624707, 1734624639,[Per Suspense SOP]
A26: 1734624643 | B26: 1734622499 | C26: -440000 | D26: =VLOOKUP(A26,Sheet1!$N$4:$O$136,2,FALSE) -> 551375 | E26: =VLOOKUP(B26,Sheet1!$N$4:$O$136,2,FALSE) -> 369053 | F26: 1734624643, 1734622499 | G26: [Per Suspense SOP] | I26: =F26&","&G26 -> 1734624643, 1734622499,[Per Suspense SOP] | P26: 1734624643, 1734622499,[Per Suspense SOP]
A27: 1734624643 | B27: 1734624709 | C27: -440000 | D27: =VLOOKUP(A27,Sheet1!$N$4:$O$136,2,FALSE) -> 551375 | E27: =VLOOKUP(B27,Sheet1!$N$4:$O$136,2,FALSE) -> 551400 | F27: 1734624643, 1734624709 | G27: [Per Suspense SOP] | I27: =F27&","&G27 -> 1734624643, 1734624709,[Per Suspense SOP] | P27: 1734624643, 1734624709,[Per Suspense SOP]
A28: 1734624630 | B28: 1734624710 | C28: -44055000 | D28: =VLOOKUP(A28,Sheet1!$N$4:$O$136,2,FALSE) -> 551404 | E28: =VLOOKUP(B28,Sheet1!$N$4:$O$136,2,FALSE) -> 551400 | F28: 1734624630, 1734624710 | G28: [Per Suspense SOP] | I28: =F28&","&G28 -> 1734624630, 1734624710,[Per Suspense SOP] | P28: 1734624630, 1734624710,[Per Suspense SOP]
A29: 1734624630 | B29: 1734622538 | C29: -44055000 | D29: =VLOOKUP(A29,Sheet1!$N$4:$O$136,2,FALSE) -> 551404 | E29: =VLOOKUP(B29,Sheet1!$N$4:$O$136,2,FALSE) -> 369038 | F29: 1734624630, 1734622538 | G29: [Per Suspense SOP] | I29: =F29&","&G29 -> 1734624630, 1734622538,[Per Suspense SOP] | P29: 1734624630, 1734622538,[Per Suspense SOP]
A30: 1734624631 | B30: 1734622550 | C30: -1980000 | D30: =VLOOKUP(A30,Sheet1!$N$4:$O$136,2,FALSE) -> 551404 | E30: =VLOOKUP(B30,Sheet1!$N$4:$O$136,2,FALSE) -> 369038 | F30: 1734624631, 1734622550 | G30: [Per Suspense SOP] | I30: =F30&","&G30 -> 1734624631, 1734622550,[Per Suspense SOP] | P30: 1734624631, 1734622550,[Per Suspense SOP]
A31: 1734624631 | B31: 1734624714 | C31: -1980000 | D31: =VLOOKUP(A31,Sheet1!$N$4:$O$136,2,FALSE) -> 551404 | E31: =VLOOKUP(B31,Sheet1!$N$4:$O$136,2,FALSE) -> 551400 | F31: 1734624631, 1734624714 | G31: [Per Suspense SOP] | I31: =F31&","&G31 -> 1734624631, 1734624714,[Per Suspense SOP] | P31: 1734624631, 1734624714,[Per Suspense SOP]
A32: 1734624637 | B32: 1734622555 | C32: -3663000 | D32: =VLOOKUP(A32,Sheet1!$N$4:$O$136,2,FALSE) -> 551404 | E32: =VLOOKUP(B32,Sheet1!$N$4:$O$136,2,FALSE) -> 369038 | F32: 1734624637, 1734622555 | G32: [Per Suspense SOP] | I32: =F32&","&G32 -> 1734624637, 1734622555,[Per Suspense SOP] | P32: 1734624637, 1734622555,[Per Suspense SOP]
A33: 1734624637 | B33: 1734624717 | C33: -3663000 | D33: =VLOOKUP(A33,Sheet1!$N$4:$O$136,2,FALSE) -> 551404 | E33: =VLOOKUP(B33,Sheet1!$N$4:$O$136,2,FALSE) -> 551400 | F33: 1734624637, 1734624717 | G33: [Per Suspense SOP] | I33: =F33&","&G33 -> 1734624637, 1734624717,[Per Suspense SOP] | P33: 1734624637, 1734624717,[Per Suspense SOP]
... A146: 1725337591 | B146: 1734624685 | C146: 25000 | D146: =VLOOKUP(A146,Sheet1!$N$4:$O$136,2,FALSE) -> 369052 | E146: =VLOOKUP(B146,Sheet1!$N$4:$O$136,2,FALSE) -> 551402 | F146: 1725337591, 1734624685 | G146: [Per Suspense SOP] | I146: =F146&","&G146 -> 1725337591, 1734624685,[Per Suspense SOP] | P146: 1725337591, 1734624685,[Per Suspense SOP]

Sheet raw
A1: Account ID | B1: Transaction_Type | C1: Entry Date | D1: Settle Date | E1: Post Date | F1: Asset ID | G1: Currency | H1: Amount | I1: Match | J1: Transaction Id | K1: Account ID SUSP | L1: PostDate | M1: Transaction Id SUSP
A2: 551389 | B2: TRN | C2: 45964 | D2: 45964 | E2: 45964 | F2: CCYUSD | G2: USD | H2: -3102567.1 | I2: Y | J2: 1704283890 | K2: 551389 | L2: 45964 | M2: 1734624722
A3: 551389 | B3: TRN | C3: 45964 | D3: 45964 | E3: 45964 | F3: CCYUSD | G3: USD | H3: 2452621.7 | I3: Y | J3: 1704283895 | K3: 551389 | L3: 45964 | M3: 1734624723
A4: 551389 | B4: TRN | C4: 45965 | D4: 45965 | E4: 45965 | F4: CCYUSD | G4: USD | H4: -2452621.7 | I4: Y | J4: 1705487944 | K4: 551389 | L4: 45965 | M4: 1734624724
A5: 551389 | B5: TRN | C5: 45965 | D5: 45965 | E5: 45965 | F5: CCYUSD | G5: USD | H5: 5072833.3 | I5: Y | J5: 1705487947 | K5: 551389 | L5: 45965 | M5: 1734624725
A6: 551389 | B6: TRN | C6: 45966 | D6: 45966 | E6: 45966 | F6: CCYUSD | G6: USD | H6: -5072833.3 | I6: Y | J6: 1706309646 | K6: 551389 | L6: 45966 | M6: 1734624726
A7: 551389 | B7: TRN | C7: 45966 | D7: 45966 | E7: 45966 | F7: CCYUSD | G7: USD | H7: 50350317 | I7: Y | J7: 1706309641 | K7: 551389 | L7: 45966 | M7: 1734624727
A8: 551389 | B8: TRN | C8: 45967 | D8: 45967 | E8: 45967 | F8: CCYUSD | G8: USD | H8: -50350317 | I8: Y | J8: 1707275479 | K8: 551389 | L8: 45967 | M8: 1734624728
A9: 551389 | B9: TRN | C9: 45967 | D9: 45967 | E9: 45967 | F9: CCYUSD | G9: USD | H9: 4694670.1 | I9: Y | J9: 1707275474 | K9: 551389 | L9: 45967 | M9: 1734624729
A10: 551389 | B10: TRN | C10: 45968 | D10: 45968 | E10: 45968 | F10: CCYUSD | G10: USD | H10: -4694670.1 | I10: Y | J10: 1708345659 | K10: 551389 | L10: 45968 | M10: 1734624730
A11: 551389 | B11: TRN | C11: 45968 | D11: 45968 | E11: 45968 | F11: CCYUSD | G11: USD | H11: 4590075.3 | I11: Y | J11: 1708345664 | K11: 551389 | L11: 45968 | M11: 1734624731
A12: 551389 | B12: TRN | C12: 45971 | D12: 45971 | E12: 45971 | F12: CCYUSD | G12: USD | H12: -4590075.3 | I12: Y | J12: 1709649663 | K12: 551389 | L12: 45971 | M12: 1734624732
A13: 551389 | B13: TRN | C13: 45971 | D13: 45971 | E13: 45971 | F13: CCYUSD | G13: USD | H13: 14078264 | I13: Y | J13: 1709649665 | K13: 551389 | L13: 45971 | M13: 1734624733
... A146: 551402 | B146: TRN | C146: 45989 | D146: 45989 | E146: 45989 | F146: CCYUSD | G146: USD | H146: 25000 | I146: Y | J146: 1725337591 | K146: 551402 | L146: 45989 | M146: 1734624685

Sheet Sheet1
D2: 1734624706
D3: 1734624706 | N3: Orig Transaction ID | O3: Account ID
D4: 1734624707 | N4: 1704283895 | O4: 369038
D5: 1734624707 | N5: 1705487947 | O5: 369038
D6: 1734624643 | N6: 1706309641 | O6: 369038
D7: 1734624643 | N7: 1707275474 | O7: 369038
D8: 1734624630 | N8: 1708345664 | O8: 369038
D9: 1734624630 | N9: 1709649674 | O9: 369041
D10: 1734624631 | N10: 1709649665 | O10: 369038
D11: 1734624631 | N11: 1710390415 | O11: 369038
D12: 1734624637 | N12: 1711572936 | O12: 369038
D13: 1734624637 | N13: 1712757847 | O13: 369038
D14: 1734624671 | N14: 1714404908 | O14: 369038
D15: 1734624671 | N15: 1715446336 | O15: 369038
... D123: 1725337591 | N123: 1734622499 | O123: 369053
N124: 1734624710 | O124: 551400
N125: 1734624739 | O125: 551389
N126: 1734622550 | O126: 369038
N127: 1734624737 | O127: 551389
N128: 1734624714 | O128: 551400
N129: 1734622517 | O129: 369041
N130: 1734622505 | O130: 369041
N131: 1734624753 | O131: 551389
N132: 1734624745 | O132: 551389
N133: 1734624735 | O133: 551389
N134: 1734624751 | O134: 551389
N135: 1734624731 | O135: 551389
N136: 1734624713 | O136: 551400

Sheet Sheet2
K20: =(1734622507|1734624636|1734622511|1734624639|1734622499|1734624709|1734624710|1734622538|1734622550|1734624714|1734622555|1734624717|1734624713|1734622505|1734622517|1734624715|1734622521|1734624718|1734624723|1734624725|1734624727|1734624729|1734624731|1734624733|1734624735|1734624737|1734624739|1734624741|1734624743|1734624745|1734624747|1734624749|1734624751|1734624753|1734624755|1734624757|1734624709|1734624709|1734624632|1734624632|1734624636|1734624636|1734624639|1734624639|1734624710|1734624710|1734624713|1734624713|1734624714|1734624714|1734624715|1734624715|1734624717|1734624717|1734624718|1734624718|1734624678|1734624681|1734624672|1734624657|1734624670|1734624654|1734624677|1734624663|1734624660|1734624667|1734624672|1734624657|1734624670|1734624654|1734624677|1734624663|1734624660|1734624667|1734624672|1734624657|1734624670|1734624654|1734624677|1734624663|1734624660|1734624667|1734624672|1734624657|1734624670|1734624654|1734624677|1734624663|1734624660|1734624667|1734624672|1734624657|1734624670|1734624654|1734624677|1734624663|1734624660|1734624667|1734624672|1734624657|1734624670|1734624654|1734624677|1734624663|1734624660|1734624667|1734624672|1734624657|1734624670|1734624654|1734624677|1734624663|1734624660|1734624667|1734624672|1734624657|1734624670|1734624654|1734624677|1734624663|1734624660|1734624667|1734624680|1734624682|1734624685|)

Sheet bulk_upload (2)
A1: Source Transaction ID | B1: Destination Transaction ID | C1: Amount | F1: Comma_separated | G1: Notes
A2: 1734624722 | B2: 1704283890 | C2: -3102567.1 | F2: 1734624722, 1704283890 | G2: [Per Suspense SOP] | I2: =F2&","&G2 -> 1734624722, 1704283890,[Per Suspense SOP] | P2: 1734624722, 1704283890,[Per Suspense SOP]
A3: 1734624724 | B3: 1705487944 | C3: -2452621.7 | F3: 1734624724, 1705487944 | G3: [Per Suspense SOP] | I3: =F3&","&G3 -> 1734624724, 1705487944,[Per Suspense SOP] | P3: 1734624724, 1705487944,[Per Suspense SOP]
A4: 1734624726 | B4: 1706309646 | C4: -5072833.3 | F4: 1734624726, 1706309646 | G4: [Per Suspense SOP] | I4: =F4&","&G4 -> 1734624726, 1706309646,[Per Suspense SOP] | P4: 1734624726, 1706309646,[Per Suspense SOP]
A5: 1734624728 | B5: 1707275479 | C5: -50350317 | F5: 1734624728, 1707275479 | G5: [Per Suspense SOP] | I5: =F5&","&G5 -> 1734624728, 1707275479,[Per Suspense SOP] | P5: 1734624728, 1707275479,[Per Suspense SOP]
A6: 1734624730 | B6: 1708345659 | C6: -4694670.1 | F6: 1734624730, 1708345659 | G6: [Per Suspense SOP] | I6: =F6&","&G6 -> 1734624730, 1708345659,[Per Suspense SOP] | P6: 1734624730, 1708345659,[Per Suspense SOP]
A7: 1734624732 | B7: 1709649663 | C7: -4590075.3 | F7: 1734624732, 1709649663 | G7: [Per Suspense SOP] | I7: =F7&","&G7 -> 1734624732, 1709649663,[Per Suspense SOP] | P7: 1734624732, 1709649663,[Per Suspense SOP]
A8: 1734624734 | B8: 1710390417 | C8: -14078264 | F8: 1734624734, 1710390417 | G8: [Per Suspense SOP] | I8: =F8&","&G8 -> 1734624734, 1710390417,[Per Suspense SOP] | P8: 1734624734, 1710390417,[Per Suspense SOP]
A9: 1734624736 | B9: 1711572938 | C9: -14480162 | F9: 1734624736, 1711572938 | G9: [Per Suspense SOP] | I9: =F9&","&G9 -> 1734624736, 1711572938,[Per Suspense SOP] | P9: 1734624736, 1711572938,[Per Suspense SOP]
A10: 1734624738 | B10: 1712757849 | C10: -4169411.5 | F10: 1734624738, 1712757849 | G10: [Per Suspense SOP] | I10: =F10&","&G10 -> 1734624738, 1712757849,[Per Suspense SOP] | P10: 1734624738, 1712757849,[Per Suspense SOP]
A11: 1734624740 | B11: 1714404903 | C11: -4169771.3 | F11: 1734624740, 1714404903 | G11: [Per Suspense SOP] | I11: =F11&","&G11 -> 1734624740, 1714404903,[Per Suspense SOP] | P11: 1734624740, 1714404903,[Per Suspense SOP]
A12: 1734624742 | B12: 1715446330 | C12: -20070851 | F12: 1734624742, 1715446330 | G12: [Per Suspense SOP] | I12: =F12&","&G12 -> 1734624742, 1715446330,[Per Suspense SOP] | P12: 1734624742, 1715446330,[Per Suspense SOP]
A13: 1734624744 | B13: 1716342294 | C13: -57592583 | F13: 1734624744, 1716342294 | G13: [Per Suspense SOP] | I13: =F13&","&G13 -> 1734624744, 1716342294,[Per Suspense SOP] | P13: 1734624744, 1716342294,[Per Suspense SOP]
... A20: 1734624704 | B20: 1734622500 | C20: -44500000 | F20: 1734624704, 1734622500 | G20: [Per Suspense SOP] | I20: =F20&","&G20 -> 1734624704, 1734622500,[Per Suspense SOP] | P20: 1734624704, 1734622500,[Per Suspense SOP]
A21: 1734624706 | B21: 1734622507 | C21: -2000000 | D21: =VLOOKUP(A21,Sheet1!$N$4:$O$136,2,FALSE) -> 551400 | E21: =VLOOKUP(B21,Sheet1!$N$4:$O$136,2,FALSE) -> 369050 | F21: 1734624706, 1734622507 | G21: [Per Suspense SOP] | I21: =F21&","&G21 -> 1734624706, 1734622507,[Per Suspense SOP] | P21: 1734624706, 1734622507,[Per Suspense SOP]
A22: 1734624707 | B22: 1734622511 | C22: -3700000 | D22: =VLOOKUP(A22,Sheet1!$N$4:$O$136,2,FALSE) -> 551400 | E22: =VLOOKUP(B22,Sheet1!$N$4:$O$136,2,FALSE) -> 369050 | F22: 1734624707, 1734622511 | G22: [Per Suspense SOP] | I22: =F22&","&G22 -> 1734624707, 1734622511,[Per Suspense SOP] | P22: 1734624707, 1734622511,[Per Suspense SOP]
A23: 1734624643 | B23: 1734622499 | C23: -440000 | D23: =VLOOKUP(A23,Sheet1!$N$4:$O$136,2,FALSE) -> 551375 | E23: =VLOOKUP(B23,Sheet1!$N$4:$O$136,2,FALSE) -> 369053 | F23: 1734624643, 1734622499 | G23: [Per Suspense SOP] | I23: =F23&","&G23 -> 1734624643, 1734622499,[Per Suspense SOP] | P23: 1734624643, 1734622499,[Per Suspense SOP]
A24: 1734624630 | B24: 1734622538 | C24: -44055000 | D24: =VLOOKUP(A24,Sheet1!$N$4:$O$136,2,FALSE) -> 551404 | E24: =VLOOKUP(B24,Sheet1!$N$4:$O$136,2,FALSE) -> 369038 | F24: 1734624630, 1734622538 | G24: [Per Suspense SOP] | I24: =F24&","&G24 -> 1734624630, 1734622538,[Per Suspense SOP] | P24: 1734624630, 1734622538,[Per Suspense SOP]
A25: 1734624631 | B25: 1734622550 | C25: -1980000 | D25: =VLOOKUP(A25,Sheet1!$N$4:$O$136,2,FALSE) -> 551404 | E25: =VLOOKUP(B25,Sheet1!$N$4:$O$136,2,FALSE) -> 369038 | F25: 1734624631, 1734622550 | G25: [Per Suspense SOP] | I25: =F25&","&G25 -> 1734624631, 1734622550,[Per Suspense SOP] | P25: 1734624631, 1734622550,[Per Suspense SOP]
A26: 1734624637 | B26: 1734622555 | C26: -3663000 | D26: =VLOOKUP(A26,Sheet1!$N$4:$O$136,2,FALSE) -> 551404 | E26: =VLOOKUP(B26,Sheet1!$N$4:$O$136,2,FALSE) -> 369038 | F26: 1734624637, 1734622555 | G26: [Per Suspense SOP] | I26: =F26&","&G26 -> 1734624637, 1734622555,[Per Suspense SOP] | P26: 1734624637, 1734622555,[Per Suspense SOP]
A27: 1734624671 | B27: 1734622505 | C27: -445000 | D27: =VLOOKUP(A27,Sheet1!$N$4:$O$136,2,FALSE) -> 551374 | E27: =VLOOKUP(B27,Sheet1!$N$4:$O$136,2,FALSE) -> 369041 | F27: 1734624671, 1734622505 | G27: [Per Suspense SOP] | I27: =F27&","&G27 -> 1734624671, 1734622505,[Per Suspense SOP] | P27: 1734624671, 1734622505,[Per Suspense SOP]
A28: 1734624674 | B28: 1734622517 | C28: -20000 | D28: =VLOOKUP(A28,Sheet1!$N$4:$O$136,2,FALSE) -> 551374 | E28: =VLOOKUP(B28,Sheet1!$N$4:$O$136,2,FALSE) -> 369041 | F28: 1734624674, 1734622517 | G28: [Per Suspense SOP] | I28: =F28&","&G28 -> 1734624674, 1734622517,[Per Suspense SOP] | P28: 1734624674, 1734622517,[Per Suspense SOP]
A29: 1734624675 | B29: 1734622521 | C29: -37000 | D29: =VLOOKUP(A29,Sheet1!$N$4:$O$136,2,FALSE) -> 551374 | E29: =VLOOKUP(B29,Sheet1!$N$4:$O$136,2,FALSE) -> 369041 | F29: 1734624675, 1734622521 | G29: [Per Suspense SOP] | I29: =F29&","&G29 -> 1734624675, 1734622521,[Per Suspense SOP] | P29: 1734624675, 1734622521,[Per Suspense SOP]
A30: 1704283895 | B30: 1734624723 | C30: 2452621.7 | D30: =VLOOKUP(A30,Sheet1!$N$4:$O$136,2,FALSE) -> 369038 | E30: =VLOOKUP(B30,Sheet1!$N$4:$O$136,2,FALSE) -> 551389 | F30: 1704283895, 1734624723 | G30: [Per Suspense SOP] | I30: =F30&","&G30 -> 1704283895, 1734624723,[Per Suspense SOP] | P30: 1704283895, 1734624723,[Per Suspense SOP]
A31: 1705487947 | B31: 1734624725 | C31: 5072833.3 | D31: =VLOOKUP(A31,Sheet1!$N$4:$O$136,2,FALSE) -> 369038 | E31: =VLOOKUP(B31,Sheet1!$N$4:$O$136,2,FALSE) -> 551389 | F31: 1705487947, 1734624725 | G31: [Per Suspense SOP] | I31: =F31&","&G31 -> 1705487947, 1734624725,[Per Suspense SOP] | P31: 1705487947, 1734624725,[Per Suspense SOP]
A32: 1706309641 | B32: 1734624727 | C32: 50350317 | D32: =VLOOKUP(A32,Sheet1!$N$4:$O$136,2,FALSE) -> 369038 | E32: =VLOOKUP(B32,Sheet1!$N$4:$O$136,2,FALSE) -> 551389 | F32: 1706309641, 1734624727 | G32: [Per Suspense SOP] | I32: =F32&","&G32 -> 1706309641, 1734624727,[Per Suspense SOP] | P32: 1706309641, 1734624727,[Per Suspense SOP]
... A64: 1725337591 | B64: 1734624685 | C64: 25000 | D64: =VLOOKUP(A64,Sheet1!$N$4:$O$136,2,FALSE) -> 369052 | E64: =VLOOKUP(B64,Sheet1!$N$4:$O$136,2,FALSE) -> 551402 | F64: 1725337591, 1734624685 | G64: [Per Suspense SOP] | I64: =F64&","&G64 -> 1725337591, 1734624685,[Per Suspense SOP] | P64: 1725337591, 1734624685,[Per Suspense SOP]

Sheet Sheet4
N10: 1725337589
N11: 1725337588
N12: 1725337590
